{
  "camera": {
    "extrinsic": {
      "pitch": 0.038, 
      "roll": -0.0, 
      "x": 1.7, 
      "y": 0.1, 
      "yaw": -0.0195, 
      "z": 1.22
    }, 
    "intrinsic": {
      "fx": 1590.83437, 
      "fy": 1592.79032, 
      "resx": 1440, 
      "resy": 720, 
      "u0": 771.31406, 
      "v0": 360.79945
    }
  }
}
